Date,Underlying,ATM_Strike,OTM_Call_Premium,OTM_Put_Premium,IV_Rank,DTE
2024-01-01,50399.12015703787,50399.12015703787,904.3128915203499,1029.829311628075,50.0,4
2024-01-02,50319.856125944105,50319.856125944105,989.2627428148647,1065.9294362581993,50.56264032221235,4
2024-01-03,50836.524439968,50836.524439968,998.1584454995705,1064.2081955714261,51.125082725079984,4
2024-01-04,52037.287510625174,52037.287510625174,970.3701654766124,966.5008517900083,51.687129358880036,4
2024-01-05,51880.771412271344,51880.771412271344,998.7245938658832,909.9193715003292,52.24858251310888,4
2024-01-06,51724.73881613485,51724.73881613485,978.9659840494055,1081.2107718846605,52.809244686030524,4
2024-01-07,52991.12074379319,52991.12074379319,1147.435937047045,991.4784799550928,53.36891865415157,4
2024-01-08,53631.462741909374,53631.462741909374,1119.4131744955605,1061.3909847435534,53.92740754159829,4
2024-01-09,53281.744697991264,53281.744697991264,1129.2126487095334,1007.1292426568574,54.48451488937145,4
2024-01-10,53744.00748723961,53744.00748723961,1110.963752946954,984.7811278657912,55.04004472445442,4
2024-01-11,53398.4066118077,53398.4066118077,1011.5155436752926,1095.0412686463935,55.593801628750434,4
2024-01-12,53053.18815821027,53053.18815821027,1034.8377498502168,1099.021521179338,56.145590807824576,4
2024-01-13,53272.72076184506,53272.72076184506,1089.9231432982972,1036.6288952005652,56.69521815942637,4
2024-01-14,51791.45586092899,51791.45586092899,974.7227267739825,906.2770026113343,57.24249034176893,4
2024-01-15,50493.843774921734,50493.843774921734,1045.526797007054,982.5646530858106,57.787214841540575,4
2024-01-16,50094.79499932131,50094.79499932131,989.8796300785194,1021.4861002565535,58.329200041625015,4
2024-01-17,49364.159449362836,49364.159449362836,968.5421486097769,913.3376105485503,58.868255288506305,4
2024-01-18,49622.20195544923,49622.20195544923,1027.992037519159,1001.6120350979423,59.40419095933478,4
2024-01-19,48975.393206427434,48975.393206427434,1001.7210297028507,978.742371669899,59.93681852863048,4
2024-01-20,47972.764182110914,47972.764182110914,941.4069753512644,988.4198586222727,60.46595063460059,4
2024-01-21,49063.636937837626,49063.636937837626,1039.239228924965,987.2517571774603,60.991401145047384,4
2024-01-22,48922.21187990086,48922.21187990086,924.3910712180224,929.7907905539395,61.512985222843845,4
2024-01-23,48996.283441063104,48996.283441063104,1010.7224491684752,1039.7542439044867,62.03051939095354,4
2024-01-24,47984.26882116048,47984.26882116048,989.3404393216287,951.758897771861,62.543821596972165,4
2024-01-25,47617.84011876928,47617.84011876928,936.8794804096862,950.991575399889,63.05271127716787,4
2024-01-26,47720.989009505494,47720.989009505494,970.7264313022158,907.7563822364501,63.55700941999802,4
2024-01-27,46927.62018416491,46927.62018416491,875.996724864033,916.3882911237226,64.0565386290798,4
2024-01-28,47216.428283654524,47216.428283654524,990.5299166334355,900.0884299717454,64.55112318559281,4
2024-01-29,46816.34099514539,46816.34099514539,927.0817130807584,927.6795169067367,65.04058911009145,4
2024-01-30,46635.25976309955,46635.25976309955,906.5690442360391,1018.2906192691082,65.52476422370546,4
2024-01-31,46239.35628577044,46239.35628577044,977.2375870072533,856.192068568841,66.00347820870711,4
2024-02-01,47565.869459091075,47565.869459091075,916.1002046546835,870.6393192879843,66.47656266842361,4
2024-02-02,47580.02439110779,47580.02439110779,881.1774230039779,1025.1590041968363,66.94385118647394,4
2024-02-03,46854.51397552039,46854.51397552039,859.2588208342127,926.6240956528146,67.40517938530877,4
2024-02-04,47459.918190795615,47459.918190795615,979.4988613831943,915.7447268829166,67.86038498403354,4
2024-02-05,46622.01584102149,46622.01584102149,868.4188491956157,984.4355511902337,68.30930785549376,4
2024-02-06,46791.699516324246,46791.699516324246,1023.5736994257031,905.5532133396417,68.7517900826027,4
2024-02-07,45458.99789755253,45458.99789755253,805.0834875568645,1000.4804436283974,69.18767601389175,4
2024-02-08,44584.57663410793,44584.57663410793,976.5143510966604,925.587826249122,69.61681231826381,4
2024-02-09,44738.78963452344,44738.78963452344,905.3266660505998,870.3802222831837,70.0390480389303,4
2024-02-10,45259.74024780858,45259.74024780858,900.3591493626519,1013.0602156194467,70.45423464651313,4
2024-02-11,45398.92495198137,45398.92495198137,880.7325446991799,877.6927528894605,70.86222609129267,4
2024-02-12,45342.90439115205,45342.90439115205,926.8148935406446,943.9628564235064,71.2628788545835,4
2024-02-13,45161.14736507191,45161.14736507191,901.3412121801958,918.1875763217629,71.65605199921984,4
2024-02-14,44192.68668463202,44192.68668463202,939.0188277934665,948.9407981625803,72.04160721913284,4
2024-02-15,43739.94039971743,43739.94039971743,880.5101904274507,952.8743678306913,72.41940888800231,4
2024-02-16,43460.48224576087,43460.48224576087,876.7247329883113,870.8098523685057,72.7893241069659,4
2024-02-17,44177.203780822085,44177.203780822085,865.3634650057488,845.8731820991325,73.15122275136876,4
2024-02-18,44427.70133428963,44427.70133428963,885.7067454997393,911.5526338327485,73.50497751653732,4
2024-02-19,43289.82316210304,43289.82316210304,881.1865516866638,831.9106947544556,73.85046396256112,4
2024-02-20,43522.53439481068,43522.53439481068,784.9422682633824,971.1200502725449,74.18756055806689,4
2024-02-21,43293.50405028767,43293.50405028767,798.4608099004679,872.6968475598903,74.51614872296955,4
2024-02-22,42877.566845732865,42877.566845732865,894.7145416157931,839.2852593490519,74.83611287018492,4
2024-02-23,43294.42683206849,43294.42683206849,874.431808547767,875.1225519346153,75.1473404462897,4
2024-02-24,43991.16898932014,43991.16898932014,870.6242129687689,812.467065309918,75.44972197111426,4
2024-02-25,44632.313327991644,44632.313327991644,893.5679632131025,844.0655646343002,75.74315107625432,4
2024-02-26,44096.034065645574,44096.034065645574,899.2997665809951,941.9413767101328,76.0275245424881,4
2024-02-27,43913.93353356202,43913.93353356202,851.2906866557723,845.4339567226707,76.30274233608556,4
2024-02-28,44154.754624154135,44154.754624154135,844.179856212967,830.7495433489858,76.5687076439972,4
2024-02-29,44828.037945793934,44828.037945793934,906.3530216707628,923.3933965422431,76.82532690790987,4
2024-03-01,44529.245568595754,44529.245568595754,841.6662724911635,949.8701191050649,77.07250985715766,4
2024-03-02,44427.61752731177,44427.61752731177,908.964988331959,924.5000160794888,77.31016954047628,4
2024-03-03,43718.277663918496,43718.277663918496,789.2363730664779,924.1679375686607,77.5382223565899,4
2024-03-04,42962.307799085764,42962.307799085764,910.7039378479975,821.4064015532423,77.75658808361938,4
2024-03-05,43510.88148146028,43510.88148146028,893.8475037498578,799.1270962921134,77.96518990730183,4
2024-03-06,44427.32269743138,44427.32269743138,901.3479406643213,963.6131365464018,78.1639544480116,4
2024-03-07,44401.555580288856,44401.555580288856,937.1656608030528,871.8971196636703,78.35281178657274,4
2024-03-08,45097.5309046609,45097.5309046609,985.2243403163469,889.4089672704657,78.53169548885461,4
2024-03-09,45365.5060783879,45365.5060783879,958.0286248186646,973.719828660211,78.70054262914117,4
2024-03-10,44951.10043549536,44951.10043549536,806.978297143325,926.8335091799403,78.85929381226637,4
2024-03-11,45218.04243123719,45218.04243123719,840.3820002879588,927.1552372288243,79.00789319450752,4
2024-03-12,46296.516677800195,46296.516677800195,894.68940467122,1034.1804508010582,79.14628850322931,4
2024-03-13,46294.785656243956,46294.785656243956,927.2002656354208,893.7198016058719,79.2744310552718,4
2024-03-14,47417.86179194499,47417.86179194499,974.2401868623559,994.7492422429616,79.3922757740755,4
2024-03-15,45613.45834911886,45613.45834911886,875.981976324704,915.1198232272314,79.49978120553806,4
2024-03-16,46202.38174939155,46202.38174939155,933.3859732116849,937.4772489309938,79.5969095325964,4
2024-03-17,46285.885036925414,46285.885036925414,887.9485541208421,1002.1411220591349,79.68362658852962,4
2024-03-18,46101.797729445345,46101.797729445345,891.4600644393095,947.427742403388,79.75990186897785,4
2024-03-19,46188.384890873705,46188.384890873705,853.434642975063,950.6825017699557,79.82570854267261,4
2024-03-20,44854.092074928914,44854.092074928914,850.9201791930332,950.7072083640685,79.88102346087534,4
2024-03-21,44728.896422050915,44728.896422050915,826.9936981602017,876.3302919638741,79.9258271655203,4
2024-03-22,44991.62825686942,44991.62825686942,851.0389024885218,857.8720817704381,79.96010389605941,4
2024-03-23,46023.16443435671,46023.16443435671,973.1453785175262,868.2228289860825,79.98384159500623,4
2024-03-24,45689.60412292921,45689.60412292921,866.3221380169871,815.4742529897842,79.99703191217745,4
2024-03-25,45161.42923721392,45161.42923721392,1034.8476879861478,1006.0389412412944,79.99967020763026,4
2024-03-26,44845.22116965542,44845.22116965542,921.5703184371529,841.7440051070243,79.99175555329448,4
2024-03-27,45487.97763280405,45487.97763280405,919.0013588408248,898.6968714767925,79.97329073329902,4
2024-03-28,45735.70710189246,45735.70710189246,871.7962530287886,900.8734770434032,79.94428224299257,4
2024-03-29,45396.405448994454,45396.405448994454,942.9436029503387,923.2984438703442,79.9047402866587,4
2024-03-30,45770.14113712305,45770.14113712305,886.6209314305723,956.1896833694259,79.85467877392628,4
2024-03-31,45859.76263327474,45859.76263327474,923.2957433977629,960.2189270834821,79.79411531487662,4
2024-04-01,46554.22565875082,46554.22565875082,1059.088740088456,901.9306412465694,79.72307121384864,4
2024-04-02,46089.58395827164,46089.58395827164,916.9886841792004,913.4355934761123,79.64157146194478,4
2024-04-03,45886.55009018639,45886.55009018639,975.1946681180117,931.8599993281429,79.54964472823983,4
2024-04-04,45640.26929858465,45640.26929858465,877.6465647153987,900.3708296625157,79.44732334969613,4
2024-04-05,44671.588756349,44671.588756349,891.6823506021319,973.7990539279797,79.33464331978836,4
2024-04-06,44892.89337096994,44892.89337096994,986.3978992011744,922.4066150013115,79.21164427584216,4
2024-04-07,45091.57105562932,45091.57105562932,870.4830682231981,938.5753104150773,79.07836948509103,4
2024-04-08,45117.5829478924,45117.5829478924,992.9740868576945,935.4957223912187,78.93486582945616,4
2024-04-09,44981.58704860409,44981.58704860409,935.0193377448555,958.305433846348,78.7811837890549,4
2024-04-10,44058.692619617366,44058.692619617366,853.050513597634,890.2249303275328,78.61737742444338,4
2024-04-11,43803.46782630153,43803.46782630153,907.6897434788067,811.2277591282384,78.44350435759975,4
2024-04-12,43600.6592484019,43600.6592484019,920.6409074493745,891.9975825556701,78.25962575165453,4
2024-04-13,43100.651438530105,43100.651438530105,893.1035268814619,829.4451840810107,78.06580628937527,4
2024-04-14,43018.008308897886,43018.008308897886,781.8489301834348,833.9293320904699,77.86211415041332,4
2024-04-15,43301.16711298821,43301.16711298821,829.6664834685207,895.3415431975188,77.64862098732013,4
2024-04-16,44566.05084132968,44566.05084132968,878.9450850490183,953.2351703982754,77.42540190034231,4
2024-04-17,44705.25447406255,44705.25447406255,890.3834180262487,895.1686683180542,77.1925354110036,4
2024-04-18,44900.741106615045,44900.741106615045,929.0484270098348,913.4564727622491,76.95010343448354,4
2024-04-19,44873.05986154773,44873.05986154773,906.3462472776173,982.5719444627165,76.69819125080205,4
2024-04-20,43621.75716187053,43621.75716187053,805.6679253019056,884.472802211839,76.43688747482085,4
2024-04-21,43626.219541136146,43626.219541136146,891.534283373021,1002.6085465317426,76.16628402507132,4
2024-04-22,43687.489881304165,43687.489881304165,904.2790848902745,902.0252799076605,75.88647609142046,4
2024-04-23,45354.54627080505,45354.54627080505,935.0804478126529,819.05278745831,75.59756210158612,4
2024-04-24,45246.48581549995,45246.48581549995,958.9687525877301,942.5967973652257,75.29964368651315,4
2024-04-25,45474.340222791885,45474.340222791885,951.182912183283,928.5447236999767,74.99282564462274,4
2024-04-26,45473.399980244125,45473.399980244125,932.4270035663043,973.9556373090197,74.67721590494776,4
2024-04-27,44705.53719782286,44705.53719782286,890.6024583835249,927.7698115199552,74.3529254891665,4
2024-04-28,45501.24602910849,45501.24602910849,826.9768739063703,903.1021213829812,74.02006847254881,4
2024-04-29,46040.37396020728,46040.37396020728,942.288390160775,859.5925673896774,73.67876194382801,4
2024-04-30,46613.219703864765,46613.219703864765,942.6487784354508,921.813231212994,73.32912596401256,4
2024-05-01,46004.691191405196,46004.691191405196,933.6727656878726,877.567801117639,72.97128352415251,4
2024-05-02,47006.47171878305,47006.47171878305,876.2920055846455,911.1032618854248,72.60536050207497,4
2024-05-03,46051.370456047705,46051.370456047705,866.9745821005409,950.4563293419845,72.23148561810427,4
2024-05-04,46481.778651496905,46481.778651496905,982.2932156965833,1013.1307982475084,71.84979038978213,4
2024-05-05,48058.41322528654,48058.41322528654,959.1905068128981,980.9018409968799,71.46040908560383,4
2024-05-06,47373.31845174806,47373.31845174806,981.5414039035925,887.6722159332021,71.06347867778686,4
2024-05-07,46996.10389422262,46996.10389422262,941.3379966909756,962.1522112954596,70.65913879408828,4
2024-05-08,47089.9438982908,47089.9438982908,943.2866849406034,1001.6304522980987,70.24753166868801,4
2024-05-09,46759.027470715526,46759.027470715526,982.0947397131105,904.6914041983415,69.82880209215531,4
2024-05-10,45706.813861732706,45706.813861732706,888.3340408237855,907.4354189010082,69.40309736051597,4
2024-05-11,45776.72761160935,45776.72761160935,920.3405910792362,916.2689619686469,68.9705672234381,4
2024-05-12,45075.60880652478,45075.60880652478,878.3984116952435,862.2672604763836,68.53136383155493,4
2024-05-13,45419.665042510824,45419.665042510824,886.6684894786007,940.8073225424095,68.08564168294293,4
2024-05-14,44819.969974841995,44819.969974841995,880.940793323408,890.3519920664509,67.6335575687742,4
2024-05-15,45897.14040322778,45897.14040322778,929.0494966462412,938.919430259907,67.17527051816216,4
2024-05-16,45383.745629435965,45383.745629435965,883.7374815055454,863.3003036986142,66.71094174222016,4
2024-05-17,45187.617148535595,45187.617148535595,966.5401492493879,881.8794279545414,66.24073457735238,4
2024-05-18,45765.285750144496,45765.285750144496,870.5753498919147,951.4247828942785,65.76481442779715,4
2024-05-19,44950.545022537066,44950.545022537066,889.6673182426734,880.369242846153,65.2833487074429,4
2024-05-20,45126.73140249956,45126.73140249956,880.5480751362825,988.8828206116614,64.79650678093722,4
2024-05-21,46043.28472163236,46043.28472163236,993.2145886503338,900.8838851519171,64.30445990410958,4
2024-05-22,44968.834256029666,44968.834256029666,909.2044239461721,910.6109214081877,63.80738116372889,4
2024-05-23,45116.100827314986,45116.100827314986,953.9142435197315,948.9515581399543,63.30544541661699,4
2024-05-24,45314.96936834903,45314.96936834903,832.0213687151321,835.3811007203291,62.7988292281394,4
2024-05-25,45872.45236761025,45872.45236761025,930.8015606456679,829.4086067531662,62.28771081009519,4
2024-05-26,45051.69057324933,45051.69057324933,945.5153512461585,824.750995736482,61.77226995802761,4
2024-05-27,44190.22720830961,44190.22720830961,887.9187436299635,946.9337493375514,61.25268798797755,4
2024-05-28,44559.83016511552,44559.83016511552,944.470622055578,863.6036960076881,60.72914767270229,4
2024-05-29,44781.16174996834,44781.16174996834,869.7588124943483,1023.5331992827795,60.201833177381694,4
2024-05-30,44972.21915820192,44972.21915820192,969.9117551733174,871.232003231169,59.670929994834616,4
2024-05-31,45229.14456146776,45229.14456146776,1019.5277974103177,913.810456389207,59.13662488026834,4
2024-06-01,44792.526190943325,44792.526190943325,877.7085957968835,972.9560214472602,58.599105785583916,4
2024-06-02,44971.32681821729,44971.32681821729,877.1514102943072,999.731180772302,58.058561793260466,4
2024-06-03,45192.05025094867,45192.05025094867,976.5102288748585,1006.9161838507933,57.51518304984196,4
2024-06-04,44732.75112500213,44732.75112500213,973.6336297865782,955.0733340296997,56.969160699049496,4
2024-06-05,46025.35951388314,46025.35951388314,894.3641889199994,971.7103165682358,56.42068681454294,4
2024-06-06,46376.83237035564,46376.83237035564,906.5273065523199,957.162994867172,55.86995433235536,4
2024-06-07,45578.24319381017,45578.24319381017,897.4756334331781,950.4829176845354,55.31715698302418,4
2024-06-08,46052.349583730596,46052.349583730596,853.8244661228981,893.4877058581852,54.76248922344277,4
2024-06-09,45406.64948702338,45406.64948702338,862.2003924162576,867.2230455693522,54.20614616845657,4
2024-06-10,45968.88836838605,45968.88836838605,869.1707290301175,919.2090444971733,53.648323522227805,4
2024-06-11,46798.15417944065,46798.15417944065,897.5732053336066,927.4538524625666,53.08921750939281,4
2024-06-12,46248.70792263404,46248.70792263404,923.2399140833418,902.3127559863171,52.529024806036304,4
2024-06-13,46945.350445190146,46945.350445190146,950.617745530629,973.7263812766388,51.96794247050692,4
2024-06-14,47260.54873168403,47260.54873168403,1022.7359992743844,992.9762350622061,51.40616787409821,4
2024-06-15,47870.851212687834,47870.851212687834,907.4993222168172,961.8373685683491,50.843898631619474,4
2024-06-16,49277.061053939724,49277.061053939724,1034.7573410026237,1059.4177251315575,50.28133253188116,4
2024-06-17,49120.56852621549,49120.56852621549,971.7119283130343,925.3269148176345,49.71866746811883,4
2024-06-18,48592.62719235839,48592.62719235839,969.3793583645463,962.169570883182,49.15610136838053,4
2024-06-19,47972.55608138067,47972.55608138067,993.1920962359436,923.6100055974732,48.5938321259018,4
2024-06-20,47412.7862682195,47412.7862682195,892.119624286275,854.928894510737,48.03205752949307,4
2024-06-21,47381.668774147205,47381.668774147205,966.7538627921466,943.4993411908091,47.4709751939637,4
2024-06-22,47648.57379486477,47648.57379486477,961.2940863079483,946.8841004781312,46.9107824906072,4
2024-06-23,47870.6729317508,47870.6729317508,982.0360218354235,1033.0859457971226,46.35167647777219,4
2024-06-24,48492.580629258155,48492.580629258155,984.310044780554,1001.3921968129021,45.79385383154343,4
2024-06-25,48526.29606416091,48526.29606416091,1093.290928278763,919.316580066758,45.23751077655724,4
2024-06-26,49620.73789442636,49620.73789442636,960.5277586759614,1085.1193862052367,44.682843016975816,4
2024-06-27,49448.859621639065,49448.859621639065,962.4273446826904,1050.028877209049,44.130045667644644,4
2024-06-28,51533.98711900823,51533.98711900823,999.5227160589263,1059.7846275535953,43.57931318545707,4
2024-06-29,52045.9272060591,52045.9272060591,1013.1446881631693,1029.5943391786905,43.030839300950504,4
2024-06-30,51406.73427646656,51406.73427646656,996.2653291640053,980.1627236931572,42.48481695015805,4
2024-07-01,50612.86502381952,50612.86502381952,1071.7081270317678,993.6469616728377,41.941438206739534,4
2024-07-02,51005.979945743755,51005.979945743755,1091.1448113143679,1074.5570299000844,41.40089421441609,4
2024-07-03,50860.72109386276,50860.72109386276,988.6771071897815,1111.4437371739857,40.863375119731664,4
2024-07-04,51434.07781663725,51434.07781663725,987.0637776775336,1105.8437327463544,40.32907000516539,4
2024-07-05,51826.39159077765,51826.39159077765,1060.0986096348734,1012.0853607262394,39.79816682261831,4
2024-07-06,51795.696983533235,51795.696983533235,1008.302787456616,979.9330680062141,39.27085232729771,4
2024-07-07,51167.530974587826,51167.530974587826,1054.9972103795321,1030.3949318373168,38.74731201202246,4
2024-07-08,50042.99129340183,50042.99129340183,1011.0059769106016,912.4378575898941,38.2277300419724,4
2024-07-09,49733.79776899777,49733.79776899777,918.8887496300938,1010.8343410891945,37.71228918990481,4
2024-07-10,50401.99307788288,50401.99307788288,1085.4151216241607,1000.6597322427241,37.20117077186061,4
2024-07-11,50589.40290744139,50589.40290744139,1101.581941803604,988.4862330554157,36.69455458338302,4
2024-07-12,49677.69521681139,49677.69521681139,962.9144698120086,913.8187509728881,36.19261883627111,4
2024-07-13,49831.82109889235,49831.82109889235,977.251343981048,1022.3164273063329,35.69554009589043,4
2024-07-14,50145.737639193845,50145.737639193845,1017.2080223201222,976.2797108007813,35.20349321906278,4
2024-07-15,49510.04889808777,49510.04889808777,1006.9238174611068,931.7051361762411,34.7166512925571,4
2024-07-16,49649.16306253903,49649.16306253903,1025.9104748844222,849.3701505866982,34.235185572202866,4
2024-07-17,49717.38468426206,49717.38468426206,1094.8579206235588,992.9719484327095,33.75926542264762,4
2024-07-18,48896.70979747353,48896.70979747353,969.0868345747681,1066.5467757829579,33.289058257779836,4
2024-07-19,49184.42067062937,49184.42067062937,943.7735511856648,1066.751374139981,32.824729481837835,4
2024-07-20,49624.69973022068,49624.69973022068,923.5280332036873,969.6391817751,32.366442431225806,4
2024-07-21,50462.7003708983,50462.7003708983,972.7075054208702,979.1434043998771,31.914358317057065,4
2024-07-22,51292.343300757726,51292.343300757726,1024.1905173714647,1049.2855788189058,31.46863616844507,4
2024-07-23,50268.38984837734,50268.38984837734,1095.095690143436,955.4485250081322,31.02943277656191,4
2024-07-24,49590.98541375497,49590.98541375497,965.9391433232909,1006.9093032660727,30.59690263948404,4
2024-07-25,50000.57975849579,50000.57975849579,1011.2009927518608,1038.3156090891503,30.171197907844686,4
2024-07-26,50412.612399585,50412.612399585,1007.4311031880624,1069.5989091859153,29.75246833131199,4
2024-07-27,50829.002401417856,50829.002401417856,1075.9997117007613,1011.5723442043595,29.34086120591172,4
2024-07-28,53879.931351900486,53879.931351900486,1203.9452483316907,1067.4149395291613,28.93652132221313,4
2024-07-29,54370.48410999836,54370.48410999836,1060.866243553951,1043.510552862139,28.53959091439618,4
2024-07-30,55332.19458635726,55332.19458635726,1082.171919601234,1065.2998740251523,28.150209610217882,4
2024-07-31,56157.76411536644,56157.76411536644,1175.3633261607822,1111.8313377122524,27.768514381895717,4
2024-08-01,56737.52537026053,56737.52537026053,1168.8450818865263,1153.1187827460196,27.394639497925027,4
2024-08-02,56498.08683572122,56498.08683572122,1222.297103001226,1175.640968026087,27.02871647584748,4
2024-08-03,57173.546324835675,57173.546324835675,1172.6673357630116,1103.3119789626962,26.670874035987442,4
2024-08-04,56542.860096690165,56542.860096690165,1112.8925973944504,1205.4916303817793,26.321238056172003,4
2024-08-05,56370.538626895795,56370.538626895795,1156.9435140725316,1113.8545924857876,25.979931527451175,4
2024-08-06,55989.613708093144,55989.613708093144,1175.2274531910084,1118.723909444441,25.64707451083351,4
2024-08-07,56086.45368757073,56086.45368757073,1162.7531828112826,1084.3684897940234,25.32278409505225,4
2024-08-08,58097.00971458983,58097.00971458983,1187.3038958471616,1040.7281812781496,25.007174355377252,4
2024-08-09,56520.602445420685,56520.602445420685,1183.7457833878714,1174.614318726466,24.70035631348686,4
2024-08-10,57133.98477687225,57133.98477687225,1201.1444750597286,1179.5218903920668,24.402437898413883,4
2024-08-11,55796.345896937295,55796.345896937295,1185.0348674906222,1101.8605400828353,24.113523908579538,4
2024-08-12,55430.46783707522,55430.46783707522,1141.0448511209866,1111.958892602748,23.833715974928687,4
2024-08-13,56371.49722958619,56371.49722958619,1119.074040575881,1153.2269054769288,23.56311252517915,4
2024-08-14,56454.096848412126,56454.096848412126,1136.4176212899088,1050.9546441239156,23.301808749197946,4
2024-08-15,55576.56897441664,55576.56897441664,1171.8568278137507,1085.078745621018,23.049896565516473,4
2024-08-16,55010.94335168929,55010.94335168929,1059.372083484424,1139.9321010148772,22.807464588996393,4
2024-08-17,55602.385316116124,55602.385316116124,1130.4813717659677,1049.33323516386,22.574598099657692,4
2024-08-18,55024.06319728072,55024.06319728072,1080.8143233292462,1115.1591605539456,22.351379012679878,4
2024-08-19,55230.61842261851,55230.61842261851,1106.0496095991111,1036.7832782212,22.13788584958669,4
2024-08-20,55296.026845674474,55296.026845674474,1169.8431300438544,1129.242036035166,21.934193710624715,4
2024-08-21,54785.581797896055,54785.581797896055,1105.2665893589162,1093.929561843047,21.74037424834548,4
2024-08-22,56604.371363505066,56604.371363505066,1134.4092546779088,1051.330836474826,21.556495642400254,4
2024-08-23,57173.75704179188,57173.75704179188,1075.4823337868418,1201.7121085586962,21.382622575556628,4
2024-08-24,55490.8344091101,55490.8344091101,1147.1293664835632,1073.0871093422998,21.218816210945118,4
2024-08-25,55674.079305162304,55674.079305162304,1145.7557951602998,1072.968964252527,21.06513417054385,4
2024-08-26,55151.71703280231,55151.71703280231,1211.1970768213191,1113.0628005175934,20.92163051490897,4
2024-08-27,55889.379949879956,55889.379949879956,1102.398687249949,1175.2194664690348,20.788355724157835,4
2024-08-28,55256.53246271581,55256.53246271581,1116.0881656375132,1054.3395583053964,20.665356680211648,4
2024-08-29,55189.10283614533,55189.10283614533,1116.2512409084445,1106.8660492153053,20.552676650303866,4
2024-08-30,55636.548398176266,55636.548398176266,1191.6036319516988,1134.1717929800539,20.450355271760166,4
2024-08-31,56391.96357256581,56391.96357256581,1123.0744948319684,1162.4945518144732,20.35842853805522,4
2024-09-01,55413.442703546425,55413.442703546425,1122.2199303594455,1117.0909318347897,20.276928786151355,4
2024-09-02,55163.676036443634,55163.676036443634,1133.6683462146996,1084.9221287747066,20.205884685123376,4
2024-09-03,54799.46955163225,54799.46955163225,1105.319847190463,1054.609880000209,20.145321226073712,4
2024-09-04,54292.200298110816,54292.200298110816,1063.52232523469,1090.1512001145352,20.09525971334131,4
2024-09-05,55777.04413484106,55777.04413484106,1125.2453823417366,1061.933932097541,20.055717757007432,4
2024-09-06,56144.97108240754,56144.97108240754,1176.5810091411395,976.8318974734204,20.026709266700983,4
2024-09-07,55120.61894330803,55120.61894330803,1051.0866138956076,1124.240369074044,20.008244446705522,4
2024-09-08,55912.7133683352,55912.7133683352,1124.9027510740477,1163.4510094210136,20.000329792369733,4
2024-09-09,57750.044953569726,57750.044953569726,1119.9948583244359,1036.8542772943026,20.002968087822545,4
2024-09-10,58680.71316888992,58680.71316888992,1233.3665948240405,1123.1277281423015,20.016158404993778,4
2024-09-11,57387.15841122013,57387.15841122013,1071.5838229852138,1178.7008812746624,20.039896103940592,4
2024-09-12,57000.32936461046,57000.32936461046,1112.0604949286296,1242.881360777794,20.074172834479697,4
2024-09-13,58122.95691162111,58122.95691162111,1181.3197319856483,1163.4988236161926,20.118976539124663,4
2024-09-14,57538.004160427816,57538.004160427816,1229.0362846702733,1114.3599361470997,20.174291457327385,4
2024-09-15,57951.297690867556,57951.297690867556,1155.7384407637016,1149.8811317621091,20.240098131022155,4
2024-09-16,58657.91233198552,58657.91233198552,1145.3982703050503,1241.9020675971196,20.316373411470373,4
2024-09-17,57876.910146206836,57876.910146206836,1251.5960563961664,1125.23999396791,20.403090467403604,4
2024-09-18,57854.17591222603,57854.17591222603,1084.6828232237083,1117.1239179120078,20.50021879446194,4
2024-09-19,55136.20762935374,55136.20762935374,992.7838547560707,1078.5869764779732,20.607724225924493,4
2024-09-20,54322.625253184255,54322.625253184255,1108.4532275663516,1038.7860746507495,20.7255689447282,4
2024-09-21,54144.27750122932,54144.27750122932,1057.7828388069559,1089.0190658243262,20.853711496770682,4
2024-09-22,53166.87443861507,53166.87443861507,1012.2758479157658,1144.5714116957795,20.99210680549248,4
2024-09-23,54512.04634208009,54512.04634208009,1125.6587492065694,1106.3948904974031,21.14070618773362,4
2024-09-24,53381.78539861864,53381.78539861864,1079.8257436609326,1055.0180328660583,21.299457370858832,4
2024-09-25,53057.11225439151,53057.11225439151,1032.938313550994,1046.5516816420532,21.46830451114539,4
2024-09-26,53187.85238964561,53187.85238964561,999.7418278593676,985.5975073580795,21.647188213427253,4
2024-09-27,54377.42744450081,54377.42744450081,1131.1714153040234,1131.7040377473743,21.83604555198841,4
2024-09-28,53245.38844152057,53245.38844152057,1097.4178277283445,1061.0159089797714,22.03481009269816,4
2024-09-29,54209.63472407362,54209.63472407362,1079.2339012925033,1075.1686988019412,22.243411916380627,4
2024-09-30,54245.07207675684,54245.07207675684,1177.23329133752,1244.5568199273798,22.461777643410095,4
2024-10-01,53479.02501502598,53479.02501502598,1016.076261984212,1084.518145718804,22.689830459523712,4
2024-10-02,53877.937610373,53877.937610373,1001.282493661223,1039.9691997027007,22.927490142842355,4
2024-10-03,54066.078195749324,54066.078195749324,1046.7261604209243,1060.0036841047092,23.17467309209013,4
2024-10-04,53608.28974952424,53608.28974952424,1069.8864941727102,1129.5880804503226,23.4312923560028,4
2024-10-05,53691.2876339662,53691.2876339662,1085.9927251454587,1079.4892732062124,23.697257663914446,4
2024-10-06,53408.56054483012,53408.56054483012,1056.1094080037858,996.257311980734,23.9724754575119,4
2024-10-07,53526.336463633386,53526.336463633386,1088.1294990983827,1116.488176001428,24.256848923745668,4
2024-10-08,54087.64374809422,54087.64374809422,1019.1759037523622,1048.3456706849347,24.55027802888574,4
2024-10-09,55417.53253762828,55417.53253762828,1180.5388809562285,1202.0155395634429,24.852659553710293,4
2024-10-10,54425.28169810316,54425.28169810316,1084.3980750424348,1142.5080372477958,25.16388712981507,4
2024-10-11,56222.90766924473,56222.90766924473,1180.3229449643009,1102.092058601957,25.48385127703045,4
2024-10-12,54627.80305621987,54627.80305621987,1109.6923284432828,1156.6068792111532,25.812439441933105,4
2024-10-13,54530.827840721286,54530.827840721286,1113.4542177721148,1094.0093323407957,26.149536037438875,4
2024-10-14,55041.692763407904,55041.692763407904,1129.3222192797682,1143.472539024269,26.49502248346268,4
2024-10-15,55301.82038369419,55301.82038369419,1128.4218356747494,1130.2730485386076,26.84877724863123,4
2024-10-16,54815.07972263755,54815.07972263755,1128.4377324461282,1053.9837617032074,27.21067589303408,4
2024-10-17,54671.55193153944,54671.55193153944,1159.8886651374105,1061.2535470149157,27.58059111199769,4
2024-10-18,54295.88740885267,54295.88740885267,1095.7438066621269,1137.4157890561114,27.958392780867158,4
2024-10-19,53844.91738082048,53844.91738082048,1112.3485354958352,1060.1595810110825,28.343948000780145,4
2024-10-20,54562.78439391848,54562.78439391848,1086.7689031640082,1071.0732647162697,28.7371211454165,4
2024-10-21,54883.199307360985,54883.199307360985,1169.6698469196933,1049.907857179752,29.137773908707327,4
2024-10-22,54342.88173792662,54342.88173792662,1053.0380196555689,1108.0375880382055,29.545765353486857,4
2024-10-23,55108.70186853365,55108.70186853365,1192.2210590162138,1205.3002833328303,29.9609519610697,4
2024-10-24,55390.99997057385,55390.99997057385,1105.81210187926,1054.4433536987633,30.383187681736185,4
2024-10-25,56098.555129730645,56098.555129730645,1050.4323474887103,1123.1820754282508,30.812323986108236,4
2024-10-26,56659.20649133306,56659.20649133306,1139.5893505722008,1203.7951575974328,31.248209917397308,4
2024-10-27,55987.00243375776,55987.00243375776,1085.6874658014112,1115.7579791128696,31.69069214450623,4
2024-10-28,55546.29675549225,55546.29675549225,1152.9581125592813,1133.544524922332,32.139615015966434,4
2024-10-29,56200.53367621547,56200.53367621547,1091.37947455919,1070.8909971169653,32.59482061469123,4
2024-10-30,56745.80919520237,56745.80919520237,1112.6070122433084,1156.3315387644298,33.056148813526065,4
2024-10-31,56756.391918537265,56756.391918537265,1040.6508018234688,1125.770625120518,33.52343733157636,4
2024-11-01,56884.80134101036,56884.80134101036,1115.0807108577533,1186.9825266042003,33.99652179129289,4
2024-11-02,58014.51089683546,58014.51089683546,1039.0962516052614,1219.6595205149467,34.475235776294525,4
2024-11-03,57530.75050810271,57530.75050810271,1071.419868987768,1280.093192262985,34.959410889908554,4
2024-11-04,58033.82655551232,58033.82655551232,1198.6972639174614,1189.6581897709252,35.44887681440719,4
2024-11-05,57887.019270781115,57887.019270781115,1197.030393348164,1174.0302012447307,35.9434613709202,4
2024-11-06,57727.17015101675,57727.17015101675,1175.8162811095833,1164.262618099202,36.44299058000199,4
2024-11-07,58715.843807782294,58715.843807782294,1125.9680689991853,1156.6585615151116,36.94728872283213,4
2024-11-08,59477.06923112623,59477.06923112623,1187.1558168154256,1206.4655767956092,37.45617840302782,4
2024-11-09,60237.404208560896,60237.404208560896,1204.5679572166894,1189.9780136642664,37.96948060904646,4
2024-11-10,61459.33114311531,61459.33114311531,1171.268388402679,1237.609671675787,38.48701477715615,4
2024-11-11,61509.44445940565,61509.44445940565,1305.3588042764707,1296.0687659685111,39.00859885495261,4
2024-11-12,62172.95051869277,62172.95051869277,1287.3271249026388,1193.1318821098732,39.53404936539942,4
2024-11-13,61915.21967611775,61915.21967611775,1227.2561848308717,1295.2983215788072,40.06318147136951,4
2024-11-14,62248.13157130188,62248.13157130188,1246.3069233757642,1310.8183847930309,40.595809040665216,4
2024-11-15,62157.80380793182,62157.80380793182,1253.575216556014,1237.2526498090826,41.131744711493695,4
2024-11-16,62279.43740669215,62279.43740669215,1143.5020047126284,1139.4960031834132,41.67079995837498,4
2024-11-17,62869.34405691396,62869.34405691396,1245.0280120122493,1226.9957817835577,42.21278515845942,4
2024-11-18,62133.50390103485,62133.50390103485,1208.5708656208071,1307.5198053487525,42.75750965823108,4
2024-11-19,64146.60506922328,64146.60506922328,1232.8511008897199,1281.7886982695215,43.304781840573625,4
2024-11-20,63217.483918931546,63217.483918931546,1250.2946637343332,1214.3845667638852,43.85440919217541,4
2024-11-21,62107.58219281462,62107.58219281462,1332.0359701987686,1216.9128977948815,44.40619837124957,4
2024-11-22,63227.52579660029,63227.52579660029,1296.5926589953563,1306.5815172572334,44.95995527554558,4
2024-11-23,64014.823997574764,64014.823997574764,1251.7375304623554,1307.6331583615643,45.515485110628546,4
2024-11-24,64649.2483536512,64649.2483536512,1321.614106140832,1281.0383621145395,46.072592458401715,4
2024-11-25,65000.0,65000.0,1369.9677718293,1281.6587794092657,46.63108134584843,4
2024-11-26,65000.0,65000.0,1346.2316841456384,1280.412092547809,47.19075531396946,4
2024-11-27,64473.813184988314,64473.813184988314,1292.457782195775,1243.3557544748412,47.75141748689113,4
2024-11-28,64579.447667277476,64579.447667277476,1259.2421144602708,1372.3577378190216,48.31287064111996,4
2024-11-29,63958.77830947456,63958.77830947456,1314.0867318701708,1263.0595427289243,48.87491727492,4
2024-11-30,64933.624260757875,64933.624260757875,1318.3467544862451,1359.5304112564324,49.43735967778765,4
2024-12-01,64822.95096501183,64822.95096501183,1341.2186803016232,1372.524821896359,49.99999999999999,4
2024-12-02,64057.25317100391,64057.25317100391,1312.9036535041766,1331.0606083274763,50.56264032221236,4
2024-12-03,63781.072472968146,63781.072472968146,1328.0990852253299,1254.0404338234605,51.125082725079984,4
2024-12-04,64209.45335954973,64209.45335954973,1257.4273066129663,1304.375571707825,51.68712935888002,4
2024-12-05,63700.638122841294,63700.638122841294,1339.8824657385421,1272.80298213728,52.248582513108886,4
2024-12-06,62951.29135261861,62951.29135261861,1268.9058072869923,1213.8407340158658,52.809244686030524,4
2024-12-07,63213.41759853519,63213.41759853519,1368.0313956019672,1280.486316056784,53.36891865415156,4
2024-12-08,63477.853479280166,63477.853479280166,1235.097678681125,1210.6050800276132,53.9274075415983,4
2024-12-09,63028.495479558944,63028.495479558944,1347.3680997494414,1319.9538790142572,54.48451488937144,4
2024-12-10,62616.03270078234,62616.03270078234,1262.2161931887792,1229.0897891507273,55.040044724454404,4
2024-12-11,62865.788191277206,62865.788191277206,1224.7448636448216,1267.373746619186,55.59380162875044,4
2024-12-12,61545.75258432553,61545.75258432553,1206.7207599837946,1245.0794452638177,56.145590807824576,4
2024-12-13,60290.158777938,60290.158777938,1189.785810149044,1192.857926873556,56.69521815942636,4
2024-12-14,59673.74985312729,59673.74985312729,1214.6832943826416,1222.8096871363095,57.242490341768935,4
2024-12-15,59512.74643896315,59512.74643896315,1216.396703181038,1166.509745948137,57.78721484154057,4
2024-12-16,59820.8420176257,59820.8420176257,1167.7318401555851,1239.9817052253763,58.32920004162501,4
2024-12-17,61190.04251098349,61190.04251098349,1222.5831206066207,1156.5018662073326,58.86825528850631,4
2024-12-18,62013.33028673517,62013.33028673517,1347.3801236652964,1246.5855847120238,59.40419095933478,4
2024-12-19,61895.67389330739,61895.67389330739,1324.2906363711834,1334.859927819062,59.936818528630475,4
2024-12-20,61908.96784264102,61908.96784264102,1259.995540336522,1188.1627906225415,60.46595063460059,4
2024-12-21,61015.44964793524,61015.44964793524,1222.2091668671148,1186.4217444324622,60.99140114504738,4
2024-12-22,61029.01507076562,61029.01507076562,1226.5818677512257,1246.2756938982584,61.51298522284384,4
2024-12-23,60795.728307186735,60795.728307186735,1246.5904647802554,1224.8936552407145,62.03051939095355,4
2024-12-24,61121.29343177818,61121.29343177818,1171.2862403756433,1239.9573735992415,62.543821596972165,4
2024-12-25,60397.74939958176,60397.74939958176,1195.0861611204678,1232.4143444990182,63.052711277167866,4
2024-12-26,60900.539920355135,60900.539920355135,1134.5815947132232,1249.7468718351913,63.55700941999802,4
2024-12-27,62348.09535710312,62348.09535710312,1266.9230632723265,1302.4468992398736,64.0565386290798,4
2024-12-28,62277.59447312513,62277.59447312513,1277.9116864476398,1266.0428223089284,64.5511231855928,4
2024-12-29,62685.326783743774,62685.326783743774,1229.547212559907,1241.6436529439484,65.04058911009146,4
2024-12-30,63369.30256652884,63369.30256652884,1346.0853894950783,1301.0147363907133,65.52476422370546,4
2024-12-31,63020.57437520023,63020.57437520023,1199.1232043538878,1355.4055842487655,66.0034782087071,4
2025-01-01,63264.391649646124,63264.391649646124,1192.0690889824314,1258.6561456737936,66.47656266842363,4
2025-01-02,63307.98861904103,63307.98861904103,1277.3823633088193,1217.4333071472886,66.94385118647392,4
2025-01-03,63432.520094287356,63432.520094287356,1321.0053170163549,1324.004435350096,67.40517938530876,4
2025-01-04,62732.61691880465,62732.61691880465,1338.8487229489865,1248.633280178413,67.86038498403354,4
2025-01-05,62787.07065789842,62787.07065789842,1232.7972000145212,1147.1079358572665,68.30930785549376,4
2025-01-06,63289.48144282015,63289.48144282015,1319.7236705279677,1308.160712713924,68.7517900826027,4
2025-01-07,64714.56548069685,64714.56548069685,1292.3658861389017,1267.524900316241,69.18767601389175,4
2025-01-08,65000.0,65000.0,1291.368635002959,1295.473335884792,69.6168123182638,4
2025-01-09,65000.0,65000.0,1344.1829968743336,1316.5990165284506,70.0390480389303,4
2025-01-10,65000.0,65000.0,1332.616143920671,1309.5249839889534,70.45423464651313,4
2025-01-11,65000.0,65000.0,1221.1803921507876,1335.472590856952,70.86222609129265,4
2025-01-12,65000.0,65000.0,1373.8270174862948,1278.2256814715079,71.2628788545835,4
2025-01-13,65000.0,65000.0,1369.0045677073726,1325.6552899088042,71.65605199921984,4
2025-01-14,65000.0,65000.0,1268.7218649245235,1287.0226661208042,72.04160721913283,4
2025-01-15,65000.0,65000.0,1319.7901766718705,1336.9405240443753,72.41940888800232,4
2025-01-16,65000.0,65000.0,1324.701509314137,1330.7683742006527,72.7893241069659,4
2025-01-17,65000.0,65000.0,1313.0336882911954,1253.2280648977703,73.15122275136876,4
2025-01-18,65000.0,65000.0,1272.484742307729,1354.2991058087516,73.50497751653732,4
2025-01-19,65000.0,65000.0,1266.4188316030975,1273.2018277442976,73.85046396256112,4
2025-01-20,65000.0,65000.0,1298.7222964504278,1340.4028899140571,74.18756055806688,4
2025-01-21,65000.0,65000.0,1358.6364509629682,1318.364365670067,74.51614872296956,4
2025-01-22,65000.0,65000.0,1327.1800077297216,1391.9091838397562,74.83611287018492,4
2025-01-23,65000.0,65000.0,1281.4692833956947,1288.8267008814073,75.1473404462897,4
2025-01-24,65000.0,65000.0,1338.5849355324171,1282.5341601940902,75.44972197111427,4
2025-01-25,65000.0,65000.0,1157.5728689684963,1299.0290197056133,75.74315107625432,4
2025-01-26,65000.0,65000.0,1357.4382850186053,1284.8410108582862,76.0275245424881,4
2025-01-27,65000.0,65000.0,1213.014311061095,1339.9970950971026,76.30274233608556,4
2025-01-28,65000.0,65000.0,1281.8779529298433,1219.1844695781706,76.56870764399719,4
2025-01-29,65000.0,65000.0,1244.0165052686928,1247.3158790426824,76.82532690790987,4
2025-01-30,65000.0,65000.0,1235.2659262139548,1246.6098539210404,77.07250985715766,4
2025-01-31,65000.0,65000.0,1358.041339368926,1347.5153795986787,77.31016954047628,4
2025-02-01,65000.0,65000.0,1276.6149399344054,1385.5306686290962,77.5382223565899,4
2025-02-02,65000.0,65000.0,1317.3251940865357,1294.7775390731265,77.75658808361938,4
2025-02-03,65000.0,65000.0,1297.6539710560407,1291.5589138404994,77.96518990730183,4
2025-02-04,65000.0,65000.0,1323.8520413611561,1303.5026081556591,78.1639544480116,4
2025-02-05,65000.0,65000.0,1303.8410945530127,1358.0939151304094,78.35281178657274,4
2025-02-06,65000.0,65000.0,1235.8503887905715,1253.6323432904712,78.53169548885461,4
2025-02-07,65000.0,65000.0,1349.813340972357,1311.9184491367394,78.70054262914117,4
2025-02-08,65000.0,65000.0,1275.3121708419344,1348.7598814891214,78.85929381226637,4
2025-02-09,65000.0,65000.0,1222.1709050670124,1325.0547084969924,79.00789319450752,4
2025-02-10,65000.0,65000.0,1278.5942419517044,1309.4790808299372,79.14628850322933,4
2025-02-11,65000.0,65000.0,1375.0379895317155,1350.052304628357,79.2744310552718,4
2025-02-12,65000.0,65000.0,1342.5110871056747,1164.8383853500382,79.3922757740755,4
2025-02-13,65000.0,65000.0,1282.5673932796071,1333.8937659765454,79.49978120553806,4
2025-02-14,65000.0,65000.0,1282.5371147840785,1267.2962158436287,79.5969095325964,4
2025-02-15,65000.0,65000.0,1283.918247439131,1208.4683551571773,79.68362658852962,4
2025-02-16,65000.0,65000.0,1403.837399178042,1325.560129976249,79.75990186897785,4
2025-02-17,65000.0,65000.0,1319.0967726115778,1368.6829272581479,79.82570854267261,4
2025-02-18,65000.0,65000.0,1321.5020823595535,1293.1275742686155,79.88102346087534,4
2025-02-19,65000.0,65000.0,1351.514172701592,1347.6437273601468,79.9258271655203,4
2025-02-20,65000.0,65000.0,1311.9394579513257,1380.6139128994323,79.96010389605941,4
2025-02-21,65000.0,65000.0,1287.0478927089648,1365.7457226792023,79.98384159500623,4
2025-02-22,65000.0,65000.0,1290.1825075457512,1381.9982264685696,79.99703191217745,4
2025-02-23,65000.0,65000.0,1296.4199370292968,1337.1063745535946,79.99967020763026,4
2025-02-24,65000.0,65000.0,1298.1388881745079,1303.7716819450795,79.99175555329448,4
2025-02-25,65000.0,65000.0,1336.381477181849,1219.9017094051417,79.97329073329902,4
2025-02-26,65000.0,65000.0,1302.597294290365,1287.6968755935027,79.94428224299257,4
2025-02-27,65000.0,65000.0,1336.632003860779,1257.8376702341905,79.9047402866587,4
2025-02-28,65000.0,65000.0,1295.9641709945708,1408.5471358748907,79.85467877392628,4
2025-03-01,65000.0,65000.0,1303.9317595158045,1291.205709378383,79.79411531487662,4
2025-03-02,65000.0,65000.0,1200.0899657733946,1306.1602403392242,79.72307121384864,4
2025-03-03,65000.0,65000.0,1345.816383735124,1327.5742688020234,79.64157146194478,4
2025-03-04,65000.0,65000.0,1317.3244237948995,1302.1801223186226,79.54964472823983,4
2025-03-05,65000.0,65000.0,1349.9005054929826,1384.7525520215377,79.44732334969613,4
2025-03-06,65000.0,65000.0,1155.1872310903154,1268.8675319132774,79.33464331978836,4
2025-03-07,65000.0,65000.0,1404.4187352390363,1309.730372761862,79.21164427584216,4
2025-03-08,65000.0,65000.0,1293.0205185922414,1262.8764707150976,79.07836948509103,4
2025-03-09,65000.0,65000.0,1355.4091408368758,1233.9988744389648,78.93486582945616,4
2025-03-10,65000.0,65000.0,1248.0047036437234,1269.4115454547357,78.78118378905488,4
2025-03-11,65000.0,65000.0,1330.6386952531284,1298.1481601475793,78.61737742444338,4
2025-03-12,65000.0,65000.0,1247.3292218413171,1278.534888774137,78.44350435759975,4
2025-03-13,65000.0,65000.0,1268.8115519652097,1265.3789510063073,78.25962575165451,4
2025-03-14,65000.0,65000.0,1395.7015676933393,1229.6841268164083,78.06580628937529,4
2025-03-15,65000.0,65000.0,1290.4658799618326,1295.8447213685652,77.86211415041332,4
2025-03-16,65000.0,65000.0,1310.8716436589862,1224.7639812984498,77.64862098732011,4
2025-03-17,65000.0,65000.0,1343.5033865344376,1338.00279818448,77.42540190034231,4
2025-03-18,65000.0,65000.0,1324.7840943986303,1304.121987646725,77.19253541100362,4
2025-03-19,65000.0,65000.0,1307.5209452571787,1227.1224250267535,76.95010343448352,4
2025-03-20,65000.0,65000.0,1318.2480501233113,1284.5395461475068,76.69819125080207,4
2025-03-21,65000.0,65000.0,1420.1707792619138,1262.392179720471,76.43688747482085,4
2025-03-22,65000.0,65000.0,1297.1190601483208,1315.958725520959,76.1662840250713,4
2025-03-23,65000.0,65000.0,1310.0549523357483,1367.0225223011573,75.88647609142048,4
2025-03-24,65000.0,65000.0,1352.5327198003806,1206.2413765177128,75.59756210158612,4
2025-03-25,65000.0,65000.0,1355.2762966478992,1305.751303957371,75.29964368651314,4
2025-03-26,65000.0,65000.0,1359.351515278019,1291.993360221668,74.99282564462276,4
2025-03-27,65000.0,65000.0,1331.9365111014592,1333.5670038225232,74.67721590494776,4
2025-03-28,65000.0,65000.0,1242.8497543634758,1310.6598314118844,74.3529254891665,4
2025-03-29,65000.0,65000.0,1381.6715766150548,1262.401533413059,74.02006847254883,4
2025-03-30,65000.0,65000.0,1242.6827303490657,1284.0473032166692,73.67876194382801,4
2025-03-31,65000.0,65000.0,1315.1317732619516,1260.1987071598255,73.32912596401255,4
2025-04-01,65000.0,65000.0,1262.2862074990321,1353.8003569299299,72.97128352415253,4
2025-04-02,65000.0,65000.0,1296.7930826703505,1301.065582433597,72.60536050207499,4
2025-04-03,65000.0,65000.0,1316.438120515174,1395.0595342876504,72.23148561810427,4
2025-04-04,65000.0,65000.0,1316.0678607725135,1296.966959309269,71.84979038978213,4
2025-04-05,65000.0,65000.0,1321.0960377117642,1264.579661654477,71.46040908560383,4
2025-04-06,65000.0,65000.0,1380.6855634529325,1224.3142803693586,71.06347867778686,4
2025-04-07,65000.0,65000.0,1322.676715075699,1209.8430161872027,70.6591387940883,4
2025-04-08,65000.0,65000.0,1287.7921682354677,1220.7932028497255,70.24753166868801,4
2025-04-09,65000.0,65000.0,1348.2043584144178,1313.3563325505743,69.82880209215531,4
2025-04-10,65000.0,65000.0,1359.473524446232,1325.4362511614968,69.40309736051599,4
2025-04-11,65000.0,65000.0,1238.6196092431503,1220.9404648983934,68.9705672234381,4
2025-04-12,65000.0,65000.0,1329.870003492493,1344.7519157038057,68.53136383155493,4
2025-04-13,65000.0,65000.0,1335.058637115545,1275.846947415828,68.08564168294296,4
2025-04-14,65000.0,65000.0,1285.1218248320004,1307.3396505992775,67.6335575687742,4
2025-04-15,65000.0,65000.0,1368.7853406655809,1380.6110314127711,67.17527051816215,4
2025-04-16,64890.696717692364,64890.696717692364,1290.311155002221,1342.655900147124,66.71094174222019,4
2025-04-17,63464.227426610865,63464.227426610865,1275.5633712057945,1255.8580161369257,66.24073457735238,4
2025-04-18,64811.270360932125,64811.270360932125,1287.571816004449,1251.665795947878,65.76481442779713,4
2025-04-19,65000.0,65000.0,1300.7789523790734,1192.4092299335348,65.28334870744293,4
2025-04-20,65000.0,65000.0,1245.1862456552399,1264.042334037879,64.79650678093724,4
2025-04-21,65000.0,65000.0,1227.9974558702852,1289.4434880586152,64.30445990410958,4
2025-04-22,65000.0,65000.0,1379.7252531612487,1250.6410236424408,63.80738116372892,4
2025-04-23,65000.0,65000.0,1257.6519325840836,1293.4371516453848,63.305445416617,4
2025-04-24,65000.0,65000.0,1250.4303825271847,1303.8425941479384,62.79882922813939,4
2025-04-25,65000.0,65000.0,1192.3304943198143,1288.7572009095961,62.28771081009522,4
2025-04-26,65000.0,65000.0,1268.051912615525,1267.499870958827,61.772269958027614,4
2025-04-27,65000.0,65000.0,1233.845510329625,1308.4327335983364,61.252687987977545,4
2025-04-28,65000.0,65000.0,1382.1007580068185,1322.0970324784705,60.72914767270227,4
2025-04-29,65000.0,65000.0,1350.4908544671316,1245.4800461278578,60.2018331773817,4
2025-04-30,65000.0,65000.0,1265.5924827411138,1370.5466189873134,59.67092999483461,4
2025-05-01,65000.0,65000.0,1412.6217902672154,1295.0705933857869,59.13662488026832,4
2025-05-02,65000.0,65000.0,1349.0882743495797,1300.9424811472425,58.59910578558392,4
2025-05-03,65000.0,65000.0,1283.758430824569,1335.410721162828,58.058561793260466,4
2025-05-04,65000.0,65000.0,1175.0297142563213,1311.6608065631751,57.51518304984194,4
2025-05-05,65000.0,65000.0,1414.5471286295372,1347.6568316956623,56.96916069904951,4
2025-05-06,65000.0,65000.0,1230.52137666182,1314.3562082600913,56.42068681454294,4
2025-05-07,65000.0,65000.0,1217.7300626521553,1269.378131267978,55.86995433235534,4
2025-05-08,65000.0,65000.0,1351.128521600482,1318.0751762603052,55.3171569830242,4
2025-05-09,65000.0,65000.0,1421.9876203169636,1242.813689633967,54.76248922344276,4
2025-05-10,65000.0,65000.0,1369.2136409255259,1305.4279852888262,54.206146168456556,4
2025-05-11,65000.0,65000.0,1328.195456002618,1298.338500467777,53.64832352222783,4
2025-05-12,65000.0,65000.0,1329.7377170832642,1289.594157136373,53.0892175093928,4
2025-05-13,65000.0,65000.0,1342.6707779390154,1293.5731244280535,52.52902480603628,4
2025-05-14,65000.0,65000.0,1337.9464294893382,1205.907547725118,51.96794247050694,4
2025-05-15,65000.0,65000.0,1314.0595711984688,1272.563754612952,51.4061678740982,4
2025-05-16,65000.0,65000.0,1305.2100551975939,1304.6422450570558,50.84389863161945,4
2025-05-17,65000.0,65000.0,1296.870343605024,1307.99281959987,50.28133253188118,4
2025-05-18,65000.0,65000.0,1262.3017705566663,1248.616242953702,49.71866746811884,4
2025-05-19,65000.0,65000.0,1285.9662461566613,1363.285392043235,49.15610136838051,4
2025-05-20,65000.0,65000.0,1215.3521592902307,1256.691257589275,48.59383212590182,4
2025-05-21,65000.0,65000.0,1295.0830186602625,1348.4728600263368,48.03205752949308,4
2025-05-22,65000.0,65000.0,1250.570444642454,1321.3597180935842,47.47097519396369,4
2025-05-23,65000.0,65000.0,1244.8205341392115,1267.6886345078099,46.91078249060722,4
2025-05-24,65000.0,65000.0,1308.994707557674,1388.7655446304757,46.3516764777722,4
2025-05-25,65000.0,65000.0,1369.60011431723,1240.318158412176,45.793853831543416,4
2025-05-26,65000.0,65000.0,1345.9158303001157,1345.9577086805,45.23751077655726,4
2025-05-27,65000.0,65000.0,1221.4749698188411,1350.029115902149,44.68284301697582,4
2025-05-28,65000.0,65000.0,1250.5185931714832,1266.4689895461677,44.13004566764462,4
2025-05-29,65000.0,65000.0,1347.0385593994108,1369.6232650032164,43.57931318545708,4
2025-05-30,65000.0,65000.0,1250.8756303230846,1287.4976742700524,43.03083930095051,4
2025-05-31,65000.0,65000.0,1288.7683425001487,1314.4346814639928,42.48481695015803,4
2025-06-01,65000.0,65000.0,1327.5026049512276,1313.016091938561,41.941438206739555,4
2025-06-02,65000.0,65000.0,1251.5827772568182,1293.2845629264725,41.4008942144161,4
2025-06-03,65000.0,65000.0,1305.268775307298,1340.5404136579891,40.86337511973165,4
2025-06-04,64878.36638548427,64878.36638548427,1230.866052963775,1337.241763737296,40.32907000516541,4
2025-06-05,65000.0,65000.0,1269.9316178024394,1212.573401338091,39.79816682261832,4
2025-06-06,64827.20055773162,64827.20055773162,1312.5331078617594,1361.76102329854,39.2708523272977,4
2025-06-07,65000.0,65000.0,1220.3503133234165,1216.8754005982164,38.747312012022476,4
2025-06-08,64704.79885727883,64704.79885727883,1316.1197140435966,1345.7232873626594,38.22773004197241,4
2025-06-09,63008.0274519868,63008.0274519868,1259.1786590934018,1316.495805881115,37.7122891899048,4
2025-06-10,61519.18033644914,61519.18033644914,1258.0081044498402,1175.835285218223,37.20117077186063,4
2025-06-11,61594.35802113365,61594.35802113365,1243.0828671259062,1211.3464460249438,36.694554583383024,4
2025-06-12,61865.712790282756,61865.712790282756,1305.5212773043474,1182.0290223813583,36.1926188362711,4
2025-06-13,61062.7096966206,61062.7096966206,1227.5154190648075,1210.5081424179755,35.69554009589045,4
2025-06-14,61681.26578247761,61681.26578247761,1212.1550385932896,1218.2236014402652,35.20349321906279,4
2025-06-15,60193.083270548144,60193.083270548144,1209.976540562577,1242.8446920244298,34.716651292557096,4
2025-06-16,60163.523870184654,60163.523870184654,1230.4353788555125,1268.7859147096735,34.23518557220288,4
2025-06-17,59110.05290721224,59110.05290721224,1184.64406166053,1251.9852486837426,33.75926542264763,4
2025-06-18,58564.19296584335,58564.19296584335,1173.313443877061,1143.1754579879519,33.28905825777983,4
2025-06-19,58635.15599506068,58635.15599506068,1137.603535510876,1162.2420262139874,32.82472948183786,4
2025-06-20,57912.21027202822,57912.21027202822,1125.099159563017,1074.0722958295169,32.36644243122582,4
2025-06-21,57607.91173095664,57607.91173095664,1082.0279710291481,1111.8647312943233,31.914358317057058,4
2025-06-22,58513.31334236687,58513.31334236687,1257.7451040066844,1218.5088485022102,31.468636168445094,4
2025-06-23,58038.17181458198,58038.17181458198,1098.5702745220754,1241.5425774690511,31.02943277656192,4
2025-06-24,58799.6739890841,58799.6739890841,1141.3482198918866,1114.276036187686,30.596902639484036,4
2025-06-25,57840.58591149643,57840.58591149643,1120.8913549514687,1127.188505272284,30.17119790784471,4
2025-06-26,58331.23833391593,58331.23833391593,1211.3709855255406,1165.3044788303723,29.752468331312,4
2025-06-27,59636.11218010055,59636.11218010055,1177.9747596874097,1206.7303015429914,29.340861205911718,4
2025-06-28,57494.347127402936,57494.347127402936,1212.2740461817452,1109.4067665519763,28.93652132221312,4
2025-06-29,56839.59644207908,56839.59644207908,1103.117397629388,1157.9949810647859,28.539590914396182,4
2025-06-30,57362.41427165881,57362.41427165881,1161.1979935443665,1123.5563180796305,28.15020961021788,4
2025-07-01,57216.573586218066,57216.573586218066,1102.5641190613735,1143.6088581804474,27.768514381895706,4
2025-07-02,57564.772526748064,57564.772526748064,1258.5529069236306,1178.6096629351462,27.39463949792503,4
2025-07-03,57074.13374001321,57074.13374001321,1082.1027538487886,1141.803788290811,27.028716475847485,4
2025-07-04,57176.8937606025,57176.8937606025,1159.0289107234014,1121.7185806857217,26.670874035987428,4
2025-07-05,57072.061317745625,57072.061317745625,1173.1300704015175,1135.9607361586209,26.321238056172007,4
2025-07-06,58109.63203973307,58109.63203973307,1182.8825956672363,1157.7744928343946,25.97993152745118,4
2025-07-07,58360.99346656803,58360.99346656803,1157.955486387475,1148.7193178372543,25.647074510833495,4
2025-07-08,58686.62142804639,58686.62142804639,1167.2413935742566,1160.7926254275728,25.322784095052253,4
2025-07-09,58354.3340074139,58354.3340074139,1169.2772537472335,1247.019038673514,25.007174355377256,4
2025-07-10,57958.05380594295,57958.05380594295,1151.8109760374346,1187.2070485159209,24.70035631348685,4
2025-07-11,57612.0165062595,57612.0165062595,1200.4342859649355,1137.466314223732,24.402437898413886,4
2025-07-12,57982.888895680684,57982.888895680684,1270.1839279931812,1194.5054981391504,24.113523908579538,4
2025-07-13,57646.71024198725,57646.71024198725,1125.0596155893534,1136.2432303519445,23.833715974928676,4
2025-07-14,57926.780253901146,57926.780253901146,1090.045456099069,1217.191836957355,23.563112525179154,4
2025-07-15,59788.349382781846,59788.349382781846,1191.3528852380741,1214.2490972655416,23.301808749197946,4
2025-07-16,60605.01746815603,60605.01746815603,1341.0858162458364,1206.7352421629091,23.049896565516462,4
2025-07-17,60339.52328200949,60339.52328200949,1166.6067372417033,1229.1763119307036,22.807464588996396,4
2025-07-18,61467.313271594096,61467.313271594096,1311.3021057040853,1150.802457828457,22.574598099657692,4
2025-07-19,61122.766754058786,61122.766754058786,1306.3403757849978,1166.1169616356854,22.35137901267987,4
2025-07-20,59312.05320114565,59312.05320114565,1158.5616519375135,1126.5448137029605,22.137885849586695,4
2025-07-21,58451.14333977654,58451.14333977654,1197.4720207547948,1176.1700215337162,21.93419371062472,4
2025-07-22,56862.118852152096,56862.118852152096,1218.6622081994688,1223.8681270172965,21.74037424834547,4
2025-07-23,56591.379482088334,56591.379482088334,1112.8712025923924,1243.3925969513984,21.556495642400257,4
2025-07-24,56635.32704962899,56635.32704962899,1122.527522987462,1164.6090960646177,21.38262257555663,4
2025-07-25,58106.61443129261,58106.61443129261,1133.04824292842,1187.174512373075,21.21881621094511,4
2025-07-26,58421.46733359189,58421.46733359189,1117.6915101371947,1078.376459964201,21.06513417054385,4
2025-07-27,58258.902051372395,58258.902051372395,1132.7141637741477,1138.044351040747,20.921630514908973,4
2025-07-28,59017.73484928764,59017.73484928764,1119.15768364764,1140.965509390341,20.78835572415783,4
2025-07-29,57120.95058391805,57120.95058391805,1144.1231850913223,1111.376631765805,20.665356680211648,4
2025-07-30,57351.85441725017,57351.85441725017,1108.5384267920713,1138.629897415764,20.55267665030387,4
2025-07-31,58047.87818961752,58047.87818961752,1172.6468593818877,1137.353034907494,20.450355271760163,4
2025-08-01,56803.01256071558,56803.01256071558,1058.2654689041303,1037.0952606955223,20.35842853805523,4
2025-08-02,57814.850573196716,57814.850573196716,1172.8410230746572,1193.692524269811,20.276928786151355,4
2025-08-03,58138.21071038188,58138.21071038188,1204.440662288084,1109.1270629206474,20.205884685123372,4
2025-08-04,57806.07074847154,57806.07074847154,1056.434632840858,1168.0837581749884,20.145321226073715,4
2025-08-05,58386.54844195584,58386.54844195584,1186.4337973314955,1271.4351023266156,20.09525971334131,4
2025-08-06,60439.68473777606,60439.68473777606,1270.1771443791856,1162.8244651762,20.055717757007432,4
2025-08-07,60635.098895110576,60635.098895110576,1152.2199269676514,1086.1876017648951,20.026709266700983,4
2025-08-08,60891.72115762573,60891.72115762573,1301.4630424944,1203.5342120585092,20.008244446705522,4
2025-08-09,60503.83856620304,60503.83856620304,1231.027721792363,1265.1247530739895,20.000329792369733,4
2025-08-10,59767.32726616829,59767.32726616829,1160.0959525354456,1293.2639180343956,20.002968087822545,4
2025-08-11,60546.65241058659,60546.65241058659,1208.1445943288466,1149.455568489111,20.016158404993778,4
2025-08-12,59804.022508150476,59804.022508150476,1223.9967957890956,1220.9154113248358,20.039896103940592,4
2025-08-13,59898.19782502358,59898.19782502358,1201.7642260710923,1174.698433661469,20.074172834479697,4
2025-08-14,59500.312020135556,59500.312020135556,1216.9440400250296,1184.7088226875044,20.118976539124663,4
2025-08-15,59959.31530421184,59959.31530421184,1153.1526264302684,1331.4034734350885,20.17429145732739,4
2025-08-16,60290.29741358928,60290.29741358928,1214.2739894735896,1130.657431852028,20.240098131022147,4
2025-08-17,61266.56640076195,61266.56640076195,1154.64560316999,1238.0183110899677,20.316373411470373,4
2025-08-18,60830.0578121088,60830.0578121088,1211.0398531747408,1239.9858148304475,20.403090467403608,4
2025-08-19,60614.607670217025,60614.607670217025,1167.096771331101,1266.581469651308,20.500218794461933,4
2025-08-20,59761.07079701679,59761.07079701679,1158.4449188108476,1200.1205736138807,20.607724225924493,4
2025-08-21,59393.81284310545,59393.81284310545,1249.680915622631,1203.2787838373142,20.725568944728206,4
2025-08-22,59760.77847612711,59760.77847612711,1249.7810755522557,1175.6331411514527,20.853711496770675,4
2025-08-23,60473.448243640545,60473.448243640545,1239.9258709181697,1222.9253119350662,20.992106805492476,4
2025-08-24,59672.53813543192,59672.53813543192,1138.8351244750095,1176.291148933768,21.140706187733628,4
2025-08-25,60486.24631990216,60486.24631990216,1193.9045039133032,1240.8035208908457,21.299457370858825,4
2025-08-26,61759.67068438038,61759.67068438038,1295.8482986865667,1216.7128968854258,21.468304511145387,4
2025-08-27,62174.94450126631,62174.94450126631,1250.5847357073214,1262.3539097204357,21.64718821342726,4
2025-08-28,63982.14334892665,63982.14334892665,1395.6093439776178,1278.1797262942841,21.8360455519884,4
2025-08-29,63275.43595602213,63275.43595602213,1285.174611090161,1321.811231659051,22.034810092698155,4
2025-08-30,62136.11461632663,62136.11461632663,1252.324748151034,1240.1526061471084,22.243411916380623,4
2025-08-31,60530.45168155022,60530.45168155022,1195.1532104208793,1121.9574102206604,22.46177764341008,4
2025-09-01,61935.110780288946,61935.110780288946,1245.379260844893,1301.7982906414786,22.68983045952371,4
2025-09-02,62577.30807051013,62577.30807051013,1243.9226695911755,1206.2595463670716,22.927490142842352,4
2025-09-03,62556.42512365708,62556.42512365708,1286.5339363075711,1218.4401855407007,23.174673092090142,4
2025-09-04,62851.10276312989,62851.10276312989,1304.8571711023271,1227.2389905604232,23.431292356002796,4
2025-09-05,61829.84304815214,61829.84304815214,1197.2973879376455,1305.3187656215837,23.697257663914442,4
2025-09-06,64172.349502905854,64172.349502905854,1216.8853423802282,1176.6632793591823,23.972475457511912,4
2025-09-07,64329.01300052378,64329.01300052378,1194.7699913553108,1443.4676866934753,24.256848923745665,4
2025-09-08,64466.88392727202,64466.88392727202,1314.7372448910676,1342.1405189987431,24.550278028885735,4
2025-09-09,65000.0,65000.0,1244.8316696913064,1311.161945706458,24.852659553710303,4
2025-09-10,65000.0,65000.0,1192.355470352376,1297.2552999691857,25.163887129815066,4
2025-09-11,65000.0,65000.0,1319.4289302265481,1314.2777037428827,25.483851277030446,4
2025-09-12,65000.0,65000.0,1424.6499758716395,1326.056121418967,25.812439441933115,4
2025-09-13,65000.0,65000.0,1299.6964544230054,1332.260779297503,26.14953603743887,4
2025-09-14,65000.0,65000.0,1341.9245387225822,1327.7802233001723,26.495022483462677,4
2025-09-15,65000.0,65000.0,1304.0914679273783,1304.4790340627624,26.84877724863124,4
2025-09-16,65000.0,65000.0,1295.055517340443,1290.1330789846336,27.210675893034075,4
2025-09-17,65000.0,65000.0,1345.9538241493885,1292.4363358173243,27.580591111997688,4
2025-09-18,65000.0,65000.0,1285.4862727905675,1290.254585982366,27.95839278086717,4
2025-09-19,65000.0,65000.0,1313.3696157035952,1356.6885048433533,28.343948000780138,4
2025-09-20,65000.0,65000.0,1316.0848903098006,1329.6778361140432,28.73712114541649,4
2025-09-21,65000.0,65000.0,1266.5954773178476,1152.980568266786,29.13777390870734,4
2025-09-22,65000.0,65000.0,1349.6021174768262,1332.795038826488,29.545765353486853,4
2025-09-23,65000.0,65000.0,1291.2520121652296,1309.7368097359388,29.960951961069696,4
2025-09-24,65000.0,65000.0,1262.2127420253578,1299.064562177705,30.383187681736203,4
2025-09-25,65000.0,65000.0,1326.82549217852,1280.5740773455557,30.81232398610823,4
2025-09-26,65000.0,65000.0,1255.0766009104482,1356.2056359993007,31.2482099173973,4
2025-09-27,65000.0,65000.0,1301.4090578684563,1347.376323106143,31.690692144506247,4
2025-09-28,65000.0,65000.0,1299.54405016779,1261.3561166088195,32.13961501596643,4
2025-09-29,65000.0,65000.0,1354.294778291579,1320.3526143562267,32.59482061469123,4
2025-09-30,65000.0,65000.0,1323.7349116439977,1251.4171632729358,33.05614881352608,4
2025-10-01,65000.0,65000.0,1298.7486520627428,1231.0190917605535,33.52343733157636,4
2025-10-02,65000.0,65000.0,1340.8883149600144,1268.6641387705017,33.996521791292885,4
2025-10-03,65000.0,65000.0,1369.5103774508657,1343.119673619138,34.47523577629454,4
2025-10-04,65000.0,65000.0,1327.890515317593,1347.6562522688043,34.959410889908526,4
2025-10-05,65000.0,65000.0,1300.517630992169,1325.6542710048645,35.448876814407186,4
2025-10-06,65000.0,65000.0,1234.408188382492,1336.2547893423998,35.94346137092022,4
2025-10-07,64826.62383040644,64826.62383040644,1243.2767934543601,1322.3413909638766,36.44299058000196,4
2025-10-08,62287.64433939096,62287.64433939096,1230.4916515700857,1213.6788070266714,36.94728872283211,4
2025-10-09,62268.06275014624,62268.06275014624,1214.8856448949605,1266.9573822366217,37.45617840302784,4
2025-10-10,62083.77234919875,62083.77234919875,1232.3268818347028,1281.6959232453592,37.96948060904643,4
2025-10-11,62766.891901503885,62766.891901503885,1258.170334274933,1293.0524045207565,38.48701477715615,4
2025-10-12,64564.32908021484,64564.32908021484,1317.7712193221332,1350.7322501780288,39.00859885495262,4
2025-10-13,65000.0,65000.0,1296.4750610970455,1335.4151923600532,39.53404936539939,4
2025-10-14,65000.0,65000.0,1324.32508219131,1317.5724103770792,40.063181471369504,4
2025-10-15,64420.334302668925,64420.334302668925,1291.6304067938845,1341.9141979692,40.59580904066523,4
2025-10-16,65000.0,65000.0,1201.2266716823065,1298.673937037547,41.13174471149367,4
2025-10-17,65000.0,65000.0,1253.0332303090622,1255.9062674386141,41.67079995837497,4
2025-10-18,65000.0,65000.0,1292.7956222139192,1291.8466518028117,42.21278515845943,4
2025-10-19,65000.0,65000.0,1239.5152628579447,1262.7548677596776,42.757509658231044,4
2025-10-20,65000.0,65000.0,1329.9964364998102,1266.2410862512809,43.30478184057362,4
2025-10-21,65000.0,65000.0,1376.5375416171848,1292.774066464224,43.85440919217543,4
2025-10-22,65000.0,65000.0,1360.938092584866,1260.379003950002,44.40619837124954,4
2025-10-23,65000.0,65000.0,1289.3278564534896,1284.601923518048,44.959955275545575,4
2025-10-24,65000.0,65000.0,1374.5363068424977,1205.3192666523107,45.51548511062856,4
2025-10-25,65000.0,65000.0,1307.4333728601055,1310.664685368647,46.07259245840168,4
2025-10-26,65000.0,65000.0,1283.145701444098,1300.0602737681113,46.631081345848415,4
2025-10-27,65000.0,65000.0,1269.329866822953,1259.1455684465905,47.19075531396948,4
2025-10-28,64955.3141426925,64955.3141426925,1283.9827985294435,1332.0685662754702,47.75141748689109,4
2025-10-29,65000.0,65000.0,1280.5911590729386,1346.878506881328,48.31287064111995,4
2025-10-30,63911.21831448099,63911.21831448099,1286.7451774083943,1197.8463730711712,48.87491727492002,4
2025-10-31,64998.715569450214,64998.715569450214,1308.0030104414975,1261.8380724606936,49.43735967778762,4
2025-11-01,65000.0,65000.0,1300.1523010076708,1261.542882510635,49.999999999999986,4
